"item_id","context_id","context","case","limit","target_type","target_verb","target_plausibility","filename","Group"
1,1,"宇宙人が","ga","short","Nominative_Plausible","誘拐する","plausible","ga_short_1","A"
2,1,"宇宙人を","o","short","Nominative_Plausible","誘拐する","implausible","o_short_1","B"
3,1,"宇宙人が","ga","long","Nominative_Plausible","誘拐する","plausible","ga_long_1","C"
4,1,"宇宙人を","o","long","Nominative_Plausible","誘拐する","implausible","o_long_1","D"
5,2,"画家が","ga","short","Nominative_Plausible","描く","plausible","ga_short_2","B"
6,2,"画家を","o","short","Nominative_Plausible","描く","implausible","o_short_2","C"
7,2,"画家が","ga","long","Nominative_Plausible","描く","plausible","ga_long_2","D"
8,2,"画家を","o","long","Nominative_Plausible","描く","implausible","o_long_2","A"
9,3,"九官鳥が","ga","short","Nominative_Plausible","まねる","plausible","ga_short_3","C"
10,3,"九官鳥を","o","short","Nominative_Plausible","まねる","implausible","o_short_3","D"
11,3,"九官鳥が","ga","long","Nominative_Plausible","まねる","plausible","ga_long_3","A"
12,3,"九官鳥を","o","long","Nominative_Plausible","まねる","implausible","o_long_3","B"
13,4,"警察が","ga","short","Nominative_Plausible","逮捕する","plausible","ga_short_4","D"
14,4,"警察を","o","short","Nominative_Plausible","逮捕する","implausible","o_short_4","A"
15,4,"警察が","ga","long","Nominative_Plausible","逮捕する","plausible","ga_long_4","B"
16,4,"警察を","o","long","Nominative_Plausible","逮捕する","implausible","o_long_4","C"
17,5,"ギャンブラーが","ga","short","Nominative_Plausible","賭ける","plausible","ga_short_5","A"
18,5,"ギャンブラーを","o","short","Nominative_Plausible","賭ける","implausible","o_short_5","B"
19,5,"ギャンブラーが","ga","long","Nominative_Plausible","賭ける","plausible","ga_long_5","C"
20,5,"ギャンブラーを","o","long","Nominative_Plausible","賭ける","implausible","o_long_5","D"
21,6,"受験生が","ga","short","Nominative_Plausible","勉強する","plausible","ga_short_6","B"
22,6,"受験生を","o","short","Nominative_Plausible","勉強する","implausible","o_short_6","C"
23,6,"受験生が","ga","long","Nominative_Plausible","勉強する","plausible","ga_long_6","D"
24,6,"受験生を","o","long","Nominative_Plausible","勉強する","implausible","o_long_6","A"
25,7,"蜂が","ga","short","Nominative_Plausible","刺す","plausible","ga_short_7","C"
26,7,"蜂を","o","short","Nominative_Plausible","刺す","implausible","o_short_7","D"
27,7,"蜂が","ga","long","Nominative_Plausible","刺す","plausible","ga_long_7","A"
28,7,"蜂を","o","long","Nominative_Plausible","刺す","implausible","o_long_7","B"
29,8,"ピッチャーが","ga","short","Nominative_Plausible","投げる","plausible","ga_short_8","D"
30,8,"ピッチャーを","o","short","Nominative_Plausible","投げる","implausible","o_short_8","A"
31,8,"ピッチャーが","ga","long","Nominative_Plausible","投げる","plausible","ga_long_8","B"
32,8,"ピッチャーを","o","long","Nominative_Plausible","投げる","implausible","o_long_8","C"
33,9,"庭師が","ga","short","Nominative_Plausible","手入れする","plausible","ga_short_9","A"
34,9,"庭師を","o","short","Nominative_Plausible","手入れする","implausible","o_short_9","B"
35,9,"庭師が","ga","long","Nominative_Plausible","手入れする","plausible","ga_long_9","C"
36,9,"庭師を","o","long","Nominative_Plausible","手入れする","implausible","o_long_9","D"
37,10,"販売員が","ga","short","Nominative_Plausible","接客する","plausible","ga_short_10","B"
38,10,"販売員を","o","short","Nominative_Plausible","接客する","implausible","o_short_10","C"
39,10,"販売員が","ga","long","Nominative_Plausible","接客する","plausible","ga_long_10","D"
40,10,"販売員を","o","long","Nominative_Plausible","接客する","implausible","o_long_10","A"
41,11,"弓道家が","ga","short","Nominative_Plausible","射る","plausible","ga_short_11","C"
42,11,"弓道家を","o","short","Nominative_Plausible","射る","implausible","o_short_11","D"
43,11,"弓道家が","ga","long","Nominative_Plausible","射る","plausible","ga_long_11","A"
44,11,"弓道家を","o","long","Nominative_Plausible","射る","implausible","o_long_11","B"
45,12,"騎手が","ga","short","Nominative_Plausible","乗る","plausible","ga_short_12","D"
46,12,"騎手を","o","short","Nominative_Plausible","乗る","implausible","o_short_12","A"
47,12,"騎手が","ga","long","Nominative_Plausible","乗る","plausible","ga_long_12","B"
48,12,"騎手を","o","long","Nominative_Plausible","乗る","implausible","o_long_12","C"
49,13,"内科医が","ga","short","Nominative_Plausible","診察する","plausible","ga_short_13","A"
50,13,"内科医を","o","short","Nominative_Plausible","診察する","implausible","o_short_13","B"
51,13,"内科医が","ga","long","Nominative_Plausible","診察する","plausible","ga_long_13","C"
52,13,"内科医を","o","long","Nominative_Plausible","診察する","implausible","o_long_13","D"
53,14,"悪魔が","ga","short","Nominative_Plausible","誘惑する","plausible","ga_short_14","B"
54,14,"悪魔を","o","short","Nominative_Plausible","誘惑する","implausible","o_short_14","C"
55,14,"悪魔が","ga","long","Nominative_Plausible","誘惑する","plausible","ga_long_14","D"
56,14,"悪魔を","o","long","Nominative_Plausible","誘惑する","implausible","o_long_14","A"
57,15,"審査員が","ga","short","Nominative_Plausible","採点する","plausible","ga_short_15","C"
58,15,"審査員を","o","short","Nominative_Plausible","採点する","implausible","o_short_15","D"
59,15,"審査員が","ga","long","Nominative_Plausible","採点する","plausible","ga_long_15","A"
60,15,"審査員を","o","long","Nominative_Plausible","採点する","implausible","o_long_15","B"
61,16,"教祖が","ga","short","Nominative_Plausible","説く","plausible","ga_short_16","D"
62,16,"教祖を","o","short","Nominative_Plausible","説く","implausible","o_short_16","A"
63,16,"教祖が","ga","long","Nominative_Plausible","説く","plausible","ga_long_16","B"
64,16,"教祖を","o","long","Nominative_Plausible","説く","implausible","o_long_16","C"
65,17,"長男が","ga","short","Nominative_Plausible","継ぐ","plausible","ga_short_17","A"
66,17,"長男を","o","short","Nominative_Plausible","継ぐ","implausible","o_short_17","B"
67,17,"長男が","ga","long","Nominative_Plausible","継ぐ","plausible","ga_long_17","C"
68,17,"長男を","o","long","Nominative_Plausible","継ぐ","implausible","o_long_17","D"
69,18,"鳩が","ga","short","Nominative_Plausible","つつく","plausible","ga_short_18","B"
70,18,"鳩を","o","short","Nominative_Plausible","つつく","implausible","o_short_18","C"
71,18,"鳩が","ga","long","Nominative_Plausible","つつく","plausible","ga_long_18","D"
72,18,"鳩を","o","long","Nominative_Plausible","つつく","implausible","o_long_18","A"
73,19,"秘書が","ga","short","Nominative_Plausible","管理する","plausible","ga_short_19","C"
74,19,"秘書を","o","short","Nominative_Plausible","管理する","implausible","o_short_19","D"
75,19,"秘書が","ga","long","Nominative_Plausible","管理する","plausible","ga_long_19","A"
76,19,"秘書を","o","long","Nominative_Plausible","管理する","implausible","o_long_19","B"
77,20,"妊婦が","ga","short","Nominative_Plausible","産む","plausible","ga_short_20","D"
78,20,"妊婦を","o","short","Nominative_Plausible","産む","implausible","o_short_20","A"
79,20,"妊婦が","ga","long","Nominative_Plausible","産む","plausible","ga_long_20","B"
80,20,"妊婦を","o","long","Nominative_Plausible","産む","implausible","o_long_20","C"
81,21,"独裁者が","ga","short","Nominative_Plausible","弾圧する","plausible","ga_short_21","A"
82,21,"独裁者を","o","short","Nominative_Plausible","弾圧する","implausible","o_short_21","B"
83,21,"独裁者が","ga","long","Nominative_Plausible","弾圧する","plausible","ga_long_21","C"
84,21,"独裁者を","o","long","Nominative_Plausible","弾圧する","implausible","o_long_21","D"
85,22,"ワニが","ga","short","Nominative_Plausible","噛む","plausible","ga_short_22","B"
86,22,"ワニを","o","short","Nominative_Plausible","噛む","implausible","o_short_22","C"
87,22,"ワニが","ga","long","Nominative_Plausible","噛む","plausible","ga_long_22","D"
88,22,"ワニを","o","long","Nominative_Plausible","噛む","implausible","o_long_22","A"
89,23,"ディーラーが","ga","short","Nominative_Plausible","配る","plausible","ga_short_23","C"
90,23,"ディーラーを","o","short","Nominative_Plausible","配る","implausible","o_short_23","D"
91,23,"ディーラーが","ga","long","Nominative_Plausible","配る","plausible","ga_long_23","A"
92,23,"ディーラーを","o","long","Nominative_Plausible","配る","implausible","o_long_23","B"
93,24,"看守が","ga","short","Nominative_Plausible","見張る","plausible","ga_short_24","D"
94,24,"看守を","o","short","Nominative_Plausible","見張る","implausible","o_short_24","A"
95,24,"看守が","ga","long","Nominative_Plausible","見張る","plausible","ga_long_24","B"
96,24,"看守を","o","long","Nominative_Plausible","見張る","implausible","o_long_24","C"
97,25,"師匠が","ga","short","Nominative_Plausible","教える","plausible","ga_short_25","A"
98,25,"師匠を","o","short","Nominative_Plausible","教える","implausible","o_short_25","B"
99,25,"師匠が","ga","long","Nominative_Plausible","教える","plausible","ga_long_25","C"
100,25,"師匠を","o","long","Nominative_Plausible","教える","implausible","o_long_25","D"
101,26,"板前が","ga","short","Nominative_Plausible","調理する","plausible","ga_short_26","B"
102,26,"板前を","o","short","Nominative_Plausible","調理する","implausible","o_short_26","C"
103,26,"板前が","ga","long","Nominative_Plausible","調理する","plausible","ga_long_26","D"
104,26,"板前を","o","long","Nominative_Plausible","調理する","implausible","o_long_26","A"
105,27,"クワガタが","ga","short","Nominative_Plausible","はさむ","plausible","ga_short_27","C"
106,27,"クワガタを","o","short","Nominative_Plausible","はさむ","implausible","o_short_27","D"
107,27,"クワガタが","ga","long","Nominative_Plausible","はさむ","plausible","ga_long_27","A"
108,27,"クワガタを","o","long","Nominative_Plausible","はさむ","implausible","o_long_27","B"
109,28,"探偵が","ga","short","Nominative_Plausible","調べる","plausible","ga_short_28","D"
110,28,"探偵を","o","short","Nominative_Plausible","調べる","implausible","o_short_28","A"
111,28,"探偵が","ga","long","Nominative_Plausible","調べる","plausible","ga_long_28","B"
112,28,"探偵を","o","long","Nominative_Plausible","調べる","implausible","o_long_28","C"
113,29,"スパイが","ga","short","Nominative_Plausible","偵察する","plausible","ga_short_29","A"
114,29,"スパイを","o","short","Nominative_Plausible","偵察する","implausible","o_short_29","B"
115,29,"スパイが","ga","long","Nominative_Plausible","偵察する","plausible","ga_long_29","C"
116,29,"スパイを","o","long","Nominative_Plausible","偵察する","implausible","o_long_29","D"
117,30,"お坊さんが","ga","short","Nominative_Plausible","説教する","plausible","ga_short_30","B"
118,30,"お坊さんを","o","short","Nominative_Plausible","説教する","implausible","o_short_30","C"
119,30,"お坊さんが","ga","long","Nominative_Plausible","説教する","plausible","ga_long_30","D"
120,30,"お坊さんを","o","long","Nominative_Plausible","説教する","implausible","o_long_30","A"
121,31,"用心棒が","ga","short","Nominative_Plausible","守る","plausible","ga_short_31","C"
122,31,"用心棒を","o","short","Nominative_Plausible","守る","implausible","o_short_31","D"
123,31,"用心棒が","ga","long","Nominative_Plausible","守る","plausible","ga_long_31","A"
124,31,"用心棒を","o","long","Nominative_Plausible","守る","implausible","o_long_31","B"
125,32,"キャッチャーが","ga","short","Nominative_Plausible","捕る","plausible","ga_short_32","D"
126,32,"キャッチャーを","o","short","Nominative_Plausible","捕る","implausible","o_short_32","A"
127,32,"キャッチャーが","ga","long","Nominative_Plausible","捕る","plausible","ga_long_32","B"
128,32,"キャッチャーを","o","long","Nominative_Plausible","捕る","implausible","o_long_32","C"
129,33,"スナイパーが","ga","short","Nominative_Plausible","撃つ","plausible","ga_short_33","A"
130,33,"スナイパーを","o","short","Nominative_Plausible","撃つ","implausible","o_short_33","B"
131,33,"スナイパーが","ga","long","Nominative_Plausible","撃つ","plausible","ga_long_33","C"
132,33,"スナイパーを","o","long","Nominative_Plausible","撃つ","implausible","o_long_33","D"
133,34,"客人が","ga","short","Nominative_Plausible","訪ねる","plausible","ga_short_34","B"
134,34,"客人を","o","short","Nominative_Plausible","訪ねる","implausible","o_short_34","C"
135,34,"客人が","ga","long","Nominative_Plausible","訪ねる","plausible","ga_long_34","D"
136,34,"客人を","o","long","Nominative_Plausible","訪ねる","implausible","o_long_34","A"
137,35,"コーチが","ga","short","Nominative_Plausible","指導する","plausible","ga_short_35","C"
138,35,"コーチを","o","short","Nominative_Plausible","指導する","implausible","o_short_35","D"
139,35,"コーチが","ga","long","Nominative_Plausible","指導する","plausible","ga_long_35","A"
140,35,"コーチを","o","long","Nominative_Plausible","指導する","implausible","o_long_35","B"
141,36,"もぐらが","ga","short","Nominative_Plausible","掘る","plausible","ga_short_36","D"
142,36,"もぐらを","o","short","Nominative_Plausible","掘る","implausible","o_short_36","A"
143,36,"もぐらが","ga","long","Nominative_Plausible","掘る","plausible","ga_long_36","B"
144,36,"もぐらを","o","long","Nominative_Plausible","掘る","implausible","o_long_36","C"
145,37,"業者が","ga","short","Nominative_Plausible","販売する","plausible","ga_short_37","A"
146,37,"業者を","o","short","Nominative_Plausible","販売する","implausible","o_short_37","B"
147,37,"業者が","ga","long","Nominative_Plausible","販売する","plausible","ga_long_37","C"
148,37,"業者を","o","long","Nominative_Plausible","販売する","implausible","o_long_37","D"
149,38,"大工が","ga","short","Nominative_Plausible","建てる","plausible","ga_short_38","B"
150,38,"大工を","o","short","Nominative_Plausible","建てる","implausible","o_short_38","C"
151,38,"大工が","ga","long","Nominative_Plausible","建てる","plausible","ga_long_38","D"
152,38,"大工を","o","long","Nominative_Plausible","建てる","implausible","o_long_38","A"
153,39,"考古学者が","ga","short","Nominative_Plausible","発掘する","plausible","ga_short_39","C"
154,39,"考古学者を","o","short","Nominative_Plausible","発掘する","implausible","o_short_39","D"
155,39,"考古学者が","ga","long","Nominative_Plausible","発掘する","plausible","ga_long_39","A"
156,39,"考古学者を","o","long","Nominative_Plausible","発掘する","implausible","o_long_39","B"
157,40,"きつねが","ga","short","Nominative_Plausible","化かす","plausible","ga_short_40","D"
158,40,"きつねを","o","short","Nominative_Plausible","化かす","implausible","o_short_40","A"
159,40,"きつねが","ga","long","Nominative_Plausible","化かす","plausible","ga_long_40","B"
160,40,"きつねを","o","long","Nominative_Plausible","化かす","implausible","o_long_40","C"
161,41,"ツチノコが","ga","short","Accusative_Plausible","探す","implausible","ga_short_41","A"
162,41,"ツチノコを","o","short","Accusative_Plausible","探す","plausible","o_short_41","B"
163,41,"ツチノコが","ga","long","Accusative_Plausible","探す","implausible","ga_long_41","C"
164,41,"ツチノコを","o","long","Accusative_Plausible","探す","plausible","o_long_41","D"
165,42,"新卒が","ga","short","Accusative_Plausible","採用する","implausible","ga_short_42","B"
166,42,"新卒を","o","short","Accusative_Plausible","採用する","plausible","o_short_42","C"
167,42,"新卒が","ga","long","Accusative_Plausible","採用する","implausible","ga_long_42","D"
168,42,"新卒を","o","long","Accusative_Plausible","採用する","plausible","o_long_42","A"
169,43,"ラスボスが","ga","short","Accusative_Plausible","倒す","implausible","ga_short_43","C"
170,43,"ラスボスを","o","short","Accusative_Plausible","倒す","plausible","o_short_43","D"
171,43,"ラスボスが","ga","long","Accusative_Plausible","倒す","implausible","ga_long_43","A"
172,43,"ラスボスを","o","long","Accusative_Plausible","倒す","plausible","o_long_43","B"
173,44,"容疑者が","ga","short","Accusative_Plausible","尋問する","implausible","ga_short_44","D"
174,44,"容疑者を","o","short","Accusative_Plausible","尋問する","plausible","o_short_44","A"
175,44,"容疑者が","ga","long","Accusative_Plausible","尋問する","implausible","ga_long_44","B"
176,44,"容疑者を","o","long","Accusative_Plausible","尋問する","plausible","o_long_44","C"
177,45,"カブトムシが","ga","short","Accusative_Plausible","捕まえる","implausible","ga_short_45","A"
178,45,"カブトムシを","o","short","Accusative_Plausible","捕まえる","plausible","o_short_45","B"
179,45,"カブトムシが","ga","long","Accusative_Plausible","捕まえる","implausible","ga_long_45","C"
180,45,"カブトムシを","o","long","Accusative_Plausible","捕まえる","plausible","o_long_45","D"
181,46,"孤児が","ga","short","Accusative_Plausible","引き取る","implausible","ga_short_46","B"
182,46,"孤児を","o","short","Accusative_Plausible","引き取る","plausible","o_short_46","C"
183,46,"孤児が","ga","long","Accusative_Plausible","引き取る","implausible","ga_long_46","D"
184,46,"孤児を","o","long","Accusative_Plausible","引き取る","plausible","o_long_46","A"
185,47,"人質が","ga","short","Accusative_Plausible","解放する","implausible","ga_short_47","C"
186,47,"人質を","o","short","Accusative_Plausible","解放する","plausible","o_short_47","D"
187,47,"人質が","ga","long","Accusative_Plausible","解放する","implausible","ga_long_47","A"
188,47,"人質を","o","long","Accusative_Plausible","解放する","plausible","o_long_47","B"
189,48,"邪魔者が","ga","short","Accusative_Plausible","排除する","implausible","ga_short_48","D"
190,48,"邪魔者を","o","short","Accusative_Plausible","排除する","plausible","o_short_48","A"
191,48,"邪魔者が","ga","long","Accusative_Plausible","排除する","implausible","ga_long_48","B"
192,48,"邪魔者を","o","long","Accusative_Plausible","排除する","plausible","o_long_48","C"
193,49,"遭難者が","ga","short","Accusative_Plausible","救助する","implausible","ga_short_49","A"
194,49,"遭難者を","o","short","Accusative_Plausible","救助する","plausible","o_short_49","B"
195,49,"遭難者が","ga","long","Accusative_Plausible","救助する","implausible","ga_long_49","C"
196,49,"遭難者を","o","long","Accusative_Plausible","救助する","plausible","o_long_49","D"
197,50,"苦学生が","ga","short","Accusative_Plausible","援助する","implausible","ga_short_50","B"
198,50,"苦学生を","o","short","Accusative_Plausible","援助する","plausible","o_short_50","C"
199,50,"苦学生が","ga","long","Accusative_Plausible","援助する","implausible","ga_long_50","D"
200,50,"苦学生を","o","long","Accusative_Plausible","援助する","plausible","o_long_50","A"
201,51,"捕虜が","ga","short","Accusative_Plausible","虐待する","implausible","ga_short_51","C"
202,51,"捕虜を","o","short","Accusative_Plausible","虐待する","plausible","o_short_51","D"
203,51,"捕虜が","ga","long","Accusative_Plausible","虐待する","implausible","ga_long_51","A"
204,51,"捕虜を","o","long","Accusative_Plausible","虐待する","plausible","o_long_51","B"
205,52,"先祖が","ga","short","Accusative_Plausible","祀る","implausible","ga_short_52","D"
206,52,"先祖を","o","short","Accusative_Plausible","祀る","plausible","o_short_52","A"
207,52,"先祖が","ga","long","Accusative_Plausible","祀る","implausible","ga_long_52","B"
208,52,"先祖を","o","long","Accusative_Plausible","祀る","plausible","o_long_52","C"
209,53,"家出少年が","ga","short","Accusative_Plausible","補導する","implausible","ga_short_53","A"
210,53,"家出少年を","o","short","Accusative_Plausible","補導する","plausible","o_short_53","B"
211,53,"家出少年が","ga","long","Accusative_Plausible","補導する","implausible","ga_long_53","C"
212,53,"家出少年を","o","long","Accusative_Plausible","補導する","plausible","o_long_53","D"
213,54,"老人が","ga","short","Accusative_Plausible","介護する","implausible","ga_short_54","B"
214,54,"老人を","o","short","Accusative_Plausible","介護する","plausible","o_short_54","C"
215,54,"老人が","ga","long","Accusative_Plausible","介護する","implausible","ga_long_54","D"
216,54,"老人を","o","long","Accusative_Plausible","介護する","plausible","o_long_54","A"
217,55,"下っ端が","ga","short","Accusative_Plausible","こき使う","implausible","ga_short_55","C"
218,55,"下っ端を","o","short","Accusative_Plausible","こき使う","plausible","o_short_55","D"
219,55,"下っ端が","ga","long","Accusative_Plausible","こき使う","implausible","ga_long_55","A"
220,55,"下っ端を","o","long","Accusative_Plausible","こき使う","plausible","o_long_55","B"
221,56,"部下が","ga","short","Accusative_Plausible","叱る","implausible","ga_short_56","D"
222,56,"部下を","o","short","Accusative_Plausible","叱る","plausible","o_short_56","A"
223,56,"部下が","ga","long","Accusative_Plausible","叱る","implausible","ga_long_56","B"
224,56,"部下を","o","long","Accusative_Plausible","叱る","plausible","o_long_56","C"
225,57,"優秀者が","ga","short","Accusative_Plausible","表彰する","implausible","ga_short_57","A"
226,57,"優秀者を","o","short","Accusative_Plausible","表彰する","plausible","o_short_57","B"
227,57,"優秀者が","ga","long","Accusative_Plausible","表彰する","implausible","ga_long_57","C"
228,57,"優秀者を","o","long","Accusative_Plausible","表彰する","plausible","o_long_57","D"
229,58,"違反者が","ga","short","Accusative_Plausible","取り締まる","implausible","ga_short_58","B"
230,58,"違反者を","o","short","Accusative_Plausible","取り締まる","plausible","o_short_58","C"
231,58,"違反者が","ga","long","Accusative_Plausible","取り締まる","implausible","ga_long_58","D"
232,58,"違反者を","o","long","Accusative_Plausible","取り締まる","plausible","o_long_58","A"
233,59,"死刑囚が","ga","short","Accusative_Plausible","殺す","implausible","ga_short_59","C"
234,59,"死刑囚を","o","short","Accusative_Plausible","殺す","plausible","o_short_59","D"
235,59,"死刑囚が","ga","long","Accusative_Plausible","殺す","implausible","ga_long_59","A"
236,59,"死刑囚を","o","long","Accusative_Plausible","殺す","plausible","o_long_59","B"
237,60,"UFOが","ga","short","Accusative_Plausible","目撃する","implausible","ga_short_60","D"
238,60,"UFOを","o","short","Accusative_Plausible","目撃する","plausible","o_short_60","A"
239,60,"UFOが","ga","long","Accusative_Plausible","目撃する","implausible","ga_long_60","B"
240,60,"UFOを","o","long","Accusative_Plausible","目撃する","plausible","o_long_60","C"
241,61,"孫が","ga","short","Accusative_Plausible","かわいがる","implausible","ga_short_61","A"
242,61,"孫を","o","short","Accusative_Plausible","かわいがる","plausible","o_short_61","B"
243,61,"孫が","ga","long","Accusative_Plausible","かわいがる","implausible","ga_long_61","C"
244,61,"孫を","o","long","Accusative_Plausible","かわいがる","plausible","o_long_61","D"
245,62,"人材が","ga","short","Accusative_Plausible","育成する","implausible","ga_short_62","B"
246,62,"人材を","o","short","Accusative_Plausible","育成する","plausible","o_short_62","C"
247,62,"人材が","ga","long","Accusative_Plausible","育成する","implausible","ga_long_62","D"
248,62,"人材を","o","long","Accusative_Plausible","育成する","plausible","o_long_62","A"
249,63,"反逆者が","ga","short","Accusative_Plausible","粛正する","implausible","ga_short_63","C"
250,63,"反逆者を","o","short","Accusative_Plausible","粛正する","plausible","o_short_63","D"
251,63,"反逆者が","ga","long","Accusative_Plausible","粛正する","implausible","ga_long_63","A"
252,63,"反逆者を","o","long","Accusative_Plausible","粛正する","plausible","o_long_63","B"
253,64,"候補者が","ga","short","Accusative_Plausible","擁立する","implausible","ga_short_64","D"
254,64,"候補者を","o","short","Accusative_Plausible","擁立する","plausible","o_short_64","A"
255,64,"候補者が","ga","long","Accusative_Plausible","擁立する","implausible","ga_long_64","B"
256,64,"候補者を","o","long","Accusative_Plausible","擁立する","plausible","o_long_64","C"
257,65,"ファンが","ga","short","Accusative_Plausible","魅了する","implausible","ga_short_65","A"
258,65,"ファンを","o","short","Accusative_Plausible","魅了する","plausible","o_short_65","B"
259,65,"ファンが","ga","long","Accusative_Plausible","魅了する","implausible","ga_long_65","C"
260,65,"ファンを","o","long","Accusative_Plausible","魅了する","plausible","o_long_65","D"
261,66,"稚魚が","ga","short","Accusative_Plausible","放流する","implausible","ga_short_66","B"
262,66,"稚魚を","o","short","Accusative_Plausible","放流する","plausible","o_short_66","C"
263,66,"稚魚が","ga","long","Accusative_Plausible","放流する","implausible","ga_long_66","D"
264,66,"稚魚を","o","long","Accusative_Plausible","放流する","plausible","o_long_66","A"
265,67,"弁護士が","ga","short","Accusative_Plausible","雇う","implausible","ga_short_67","C"
266,67,"弁護士を","o","short","Accusative_Plausible","雇う","plausible","o_short_67","D"
267,67,"弁護士が","ga","long","Accusative_Plausible","雇う","implausible","ga_long_67","A"
268,67,"弁護士を","o","long","Accusative_Plausible","雇う","plausible","o_long_67","B"
269,68,"不審者が","ga","short","Accusative_Plausible","通報する","implausible","ga_short_68","D"
270,68,"不審者を","o","short","Accusative_Plausible","通報する","plausible","o_short_68","A"
271,68,"不審者が","ga","long","Accusative_Plausible","通報する","implausible","ga_long_68","B"
272,68,"不審者を","o","long","Accusative_Plausible","通報する","plausible","o_long_68","C"
273,69,"鬼が","ga","short","Accusative_Plausible","退治する","implausible","ga_short_69","A"
274,69,"鬼を","o","short","Accusative_Plausible","退治する","plausible","o_short_69","B"
275,69,"鬼が","ga","long","Accusative_Plausible","退治する","implausible","ga_long_69","C"
276,69,"鬼を","o","long","Accusative_Plausible","退治する","plausible","o_long_69","D"
277,70,"大統領が","ga","short","Accusative_Plausible","暗殺する","implausible","ga_short_70","B"
278,70,"大統領を","o","short","Accusative_Plausible","暗殺する","plausible","o_short_70","C"
279,70,"大統領が","ga","long","Accusative_Plausible","暗殺する","implausible","ga_long_70","D"
280,70,"大統領を","o","long","Accusative_Plausible","暗殺する","plausible","o_long_70","A"
281,71,"妻子が","ga","short","Accusative_Plausible","養う","implausible","ga_short_71","C"
282,71,"妻子を","o","short","Accusative_Plausible","養う","plausible","o_short_71","D"
283,71,"妻子が","ga","long","Accusative_Plausible","養う","implausible","ga_long_71","A"
284,71,"妻子を","o","long","Accusative_Plausible","養う","plausible","o_long_71","B"
285,72,"暴徒が","ga","short","Accusative_Plausible","鎮圧する","implausible","ga_short_72","D"
286,72,"暴徒を","o","short","Accusative_Plausible","鎮圧する","plausible","o_short_72","A"
287,72,"暴徒が","ga","long","Accusative_Plausible","鎮圧する","implausible","ga_long_72","B"
288,72,"暴徒を","o","long","Accusative_Plausible","鎮圧する","plausible","o_long_72","C"
289,73,"卒業生が","ga","short","Accusative_Plausible","送る","implausible","ga_short_73","A"
290,73,"卒業生を","o","short","Accusative_Plausible","送る","plausible","o_short_73","B"
291,73,"卒業生が","ga","long","Accusative_Plausible","送る","implausible","ga_long_73","C"
292,73,"卒業生を","o","long","Accusative_Plausible","送る","plausible","o_long_73","D"
293,74,"死者が","ga","short","Accusative_Plausible","弔う","implausible","ga_short_74","B"
294,74,"死者を","o","short","Accusative_Plausible","弔う","plausible","o_short_74","C"
295,74,"死者が","ga","long","Accusative_Plausible","弔う","implausible","ga_long_74","D"
296,74,"死者を","o","long","Accusative_Plausible","弔う","plausible","o_long_74","A"
297,75,"脱獄犯が","ga","short","Accusative_Plausible","追う","implausible","ga_short_75","C"
298,75,"脱獄犯を","o","short","Accusative_Plausible","追う","plausible","o_short_75","D"
299,75,"脱獄犯が","ga","long","Accusative_Plausible","追う","implausible","ga_long_75","A"
300,75,"脱獄犯を","o","long","Accusative_Plausible","追う","plausible","o_long_75","B"
301,76,"群衆が","ga","short","Accusative_Plausible","煽動する","implausible","ga_short_76","D"
302,76,"群衆を","o","short","Accusative_Plausible","煽動する","plausible","o_short_76","A"
303,76,"群衆が","ga","long","Accusative_Plausible","煽動する","implausible","ga_long_76","B"
304,76,"群衆を","o","long","Accusative_Plausible","煽動する","plausible","o_long_76","C"
305,77,"悪代官が","ga","short","Accusative_Plausible","成敗する","implausible","ga_short_77","A"
306,77,"悪代官を","o","short","Accusative_Plausible","成敗する","plausible","o_short_77","B"
307,77,"悪代官が","ga","long","Accusative_Plausible","成敗する","implausible","ga_long_77","C"
308,77,"悪代官を","o","long","Accusative_Plausible","成敗する","plausible","o_long_77","D"
309,78,"赤子が","ga","short","Accusative_Plausible","あやす","implausible","ga_short_78","B"
310,78,"赤子を","o","short","Accusative_Plausible","あやす","plausible","o_short_78","C"
311,78,"赤子が","ga","long","Accusative_Plausible","あやす","implausible","ga_long_78","D"
312,78,"赤子を","o","long","Accusative_Plausible","あやす","plausible","o_long_78","A"
313,79,"捨て猫が","ga","short","Accusative_Plausible","拾う","implausible","ga_short_79","C"
314,79,"捨て猫を","o","short","Accusative_Plausible","拾う","plausible","o_short_79","D"
315,79,"捨て猫が","ga","long","Accusative_Plausible","拾う","implausible","ga_long_79","A"
316,79,"捨て猫を","o","long","Accusative_Plausible","拾う","plausible","o_long_79","B"
317,80,"羊が","ga","short","Accusative_Plausible","放牧する","implausible","ga_short_80","D"
318,80,"羊を","o","short","Accusative_Plausible","放牧する","plausible","o_short_80","A"
319,80,"羊が","ga","long","Accusative_Plausible","放牧する","implausible","ga_long_80","B"
320,80,"羊を","o","long","Accusative_Plausible","放牧する","plausible","o_long_80","C"
321,81,"敗者が","ga","short","Accusative_Plausible","慰める","implausible","ga_short_81","A"
322,81,"敗者を","o","short","Accusative_Plausible","慰める","plausible","o_short_81","B"
323,81,"敗者が","ga","long","Accusative_Plausible","慰める","implausible","ga_long_81","C"
324,81,"敗者を","o","long","Accusative_Plausible","慰める","plausible","o_long_81","D"
325,82,"昆虫が","ga","short","Accusative_Plausible","採集する","implausible","ga_short_82","B"
326,82,"昆虫を","o","short","Accusative_Plausible","採集する","plausible","o_short_82","C"
327,82,"昆虫が","ga","long","Accusative_Plausible","採集する","implausible","ga_long_82","D"
328,82,"昆虫を","o","long","Accusative_Plausible","採集する","plausible","o_long_82","A"
329,83,"株主が","ga","short","Accusative_Plausible","優遇する","implausible","ga_short_83","C"
330,83,"株主を","o","short","Accusative_Plausible","優遇する","plausible","o_short_83","D"
331,83,"株主が","ga","long","Accusative_Plausible","優遇する","implausible","ga_long_83","A"
332,83,"株主を","o","long","Accusative_Plausible","優遇する","plausible","o_long_83","B"
333,84,"嫁が","ga","short","Accusative_Plausible","めとる","implausible","ga_short_84","D"
334,84,"嫁を","o","short","Accusative_Plausible","めとる","plausible","o_short_84","A"
335,84,"嫁が","ga","long","Accusative_Plausible","めとる","implausible","ga_long_84","B"
336,84,"嫁を","o","long","Accusative_Plausible","めとる","plausible","o_long_84","C"
337,85,"美容師が","ga","short","Accusative_Plausible","指名する","implausible","ga_short_85","A"
338,85,"美容師を","o","short","Accusative_Plausible","指名する","plausible","o_short_85","B"
339,85,"美容師が","ga","long","Accusative_Plausible","指名する","implausible","ga_long_85","C"
340,85,"美容師を","o","long","Accusative_Plausible","指名する","plausible","o_long_85","D"
341,86,"金魚が","ga","short","Accusative_Plausible","すくう","implausible","ga_short_86","B"
342,86,"金魚を","o","short","Accusative_Plausible","すくう","plausible","o_short_86","C"
343,86,"金魚が","ga","long","Accusative_Plausible","すくう","implausible","ga_long_86","D"
344,86,"金魚を","o","long","Accusative_Plausible","すくう","plausible","o_long_86","A"
345,87,"被災者が","ga","short","Accusative_Plausible","支援する","implausible","ga_short_87","C"
346,87,"被災者を","o","short","Accusative_Plausible","支援する","plausible","o_short_87","D"
347,87,"被災者が","ga","long","Accusative_Plausible","支援する","implausible","ga_long_87","A"
348,87,"被災者を","o","long","Accusative_Plausible","支援する","plausible","o_long_87","B"
349,88,"病人が","ga","short","Accusative_Plausible","治療する","implausible","ga_short_88","D"
350,88,"病人を","o","short","Accusative_Plausible","治療する","plausible","o_short_88","A"
351,88,"病人が","ga","long","Accusative_Plausible","治療する","implausible","ga_long_88","B"
352,88,"病人を","o","long","Accusative_Plausible","治療する","plausible","o_long_88","C"
353,89,"ウイルスが","ga","short","Accusative_Plausible","培養する","implausible","ga_short_89","A"
354,89,"ウイルスを","o","short","Accusative_Plausible","培養する","plausible","o_short_89","B"
355,89,"ウイルスが","ga","long","Accusative_Plausible","培養する","implausible","ga_long_89","C"
356,89,"ウイルスを","o","long","Accusative_Plausible","培養する","plausible","o_long_89","D"
357,90,"感染者が","ga","short","Accusative_Plausible","隔離する","implausible","ga_short_90","B"
358,90,"感染者を","o","short","Accusative_Plausible","隔離する","plausible","o_short_90","C"
359,90,"感染者が","ga","long","Accusative_Plausible","隔離する","implausible","ga_long_90","D"
360,90,"感染者を","o","long","Accusative_Plausible","隔離する","plausible","o_long_90","A"
361,91,"後継者が","ga","short","Accusative_Plausible","育てる","implausible","ga_short_91","C"
362,91,"後継者を","o","short","Accusative_Plausible","育てる","plausible","o_short_91","D"
363,91,"後継者が","ga","long","Accusative_Plausible","育てる","implausible","ga_long_91","A"
364,91,"後継者を","o","long","Accusative_Plausible","育てる","plausible","o_long_91","B"
365,92,"ハムスターが","ga","short","Accusative_Plausible","飼う","implausible","ga_short_92","D"
366,92,"ハムスターを","o","short","Accusative_Plausible","飼う","plausible","o_short_92","A"
367,92,"ハムスターが","ga","long","Accusative_Plausible","飼う","implausible","ga_long_92","B"
368,92,"ハムスターを","o","long","Accusative_Plausible","飼う","plausible","o_long_92","C"
369,93,"商人が","ga","short","Accusative_Plausible","売る","implausible","ga_short_93","A"
370,93,"商人を","o","short","Accusative_Plausible","売る","plausible","o_short_93","B"
371,93,"商人が","ga","long","Accusative_Plausible","売る","implausible","ga_long_93","C"
372,93,"商人を","o","long","Accusative_Plausible","売る","plausible","o_long_93","D"
373,94,"新人が","ga","short","Accusative_Plausible","教育する","implausible","ga_short_94","B"
374,94,"新人を","o","short","Accusative_Plausible","教育する","plausible","o_short_94","C"
375,94,"新人が","ga","long","Accusative_Plausible","教育する","implausible","ga_long_94","D"
376,94,"新人を","o","long","Accusative_Plausible","教育する","plausible","o_long_94","A"
377,95,"猛牛が","ga","short","Accusative_Plausible","かわす","implausible","ga_short_95","C"
378,95,"猛牛を","o","short","Accusative_Plausible","かわす","plausible","o_short_95","D"
379,95,"猛牛が","ga","long","Accusative_Plausible","かわす","implausible","ga_long_95","A"
380,95,"猛牛を","o","long","Accusative_Plausible","かわす","plausible","o_long_95","B"
381,96,"麻薬組織が","ga","short","Accusative_Plausible","摘発する","implausible","ga_short_96","D"
382,96,"麻薬組織を","o","short","Accusative_Plausible","摘発する","plausible","o_short_96","A"
383,96,"麻薬組織が","ga","long","Accusative_Plausible","摘発する","implausible","ga_long_96","B"
384,96,"麻薬組織を","o","long","Accusative_Plausible","摘発する","plausible","o_long_96","C"
385,97,"絶滅危惧種が","ga","short","Accusative_Plausible","保護する","implausible","ga_short_97","A"
386,97,"絶滅危惧種を","o","short","Accusative_Plausible","保護する","plausible","o_short_97","B"
387,97,"絶滅危惧種が","ga","long","Accusative_Plausible","保護する","implausible","ga_long_97","C"
388,97,"絶滅危惧種を","o","long","Accusative_Plausible","保護する","plausible","o_long_97","D"
389,98,"魚が","ga","short","Accusative_Plausible","釣る","implausible","ga_short_98","B"
390,98,"魚を","o","short","Accusative_Plausible","釣る","plausible","o_short_98","C"
391,98,"魚が","ga","long","Accusative_Plausible","釣る","implausible","ga_long_98","D"
392,98,"魚を","o","long","Accusative_Plausible","釣る","plausible","o_long_98","A"
393,99,"罪人が","ga","short","Accusative_Plausible","裁く","implausible","ga_short_99","C"
394,99,"罪人を","o","short","Accusative_Plausible","裁く","plausible","o_short_99","D"
395,99,"罪人が","ga","long","Accusative_Plausible","裁く","implausible","ga_long_99","A"
396,99,"罪人を","o","long","Accusative_Plausible","裁く","plausible","o_long_99","B"
397,100,"ゲストが","ga","short","Accusative_Plausible","招く","implausible","ga_short_100","D"
398,100,"ゲストを","o","short","Accusative_Plausible","招く","plausible","o_short_100","A"
399,100,"ゲストが","ga","long","Accusative_Plausible","招く","implausible","ga_long_100","B"
400,100,"ゲストを","o","long","Accusative_Plausible","招く","plausible","o_long_100","C"
401,101,"成功者が","ga","short","Accusative_Plausible","妬む","implausible","ga_short_101","A"
402,101,"成功者を","o","short","Accusative_Plausible","妬む","plausible","o_short_101","B"
403,101,"成功者が","ga","long","Accusative_Plausible","妬む","implausible","ga_long_101","C"
404,101,"成功者を","o","long","Accusative_Plausible","妬む","plausible","o_long_101","D"
405,102,"獲物が","ga","short","Accusative_Plausible","狙う","implausible","ga_short_102","B"
406,102,"獲物を","o","short","Accusative_Plausible","狙う","plausible","o_short_102","C"
407,102,"獲物が","ga","long","Accusative_Plausible","狙う","implausible","ga_long_102","D"
408,102,"獲物を","o","long","Accusative_Plausible","狙う","plausible","o_long_102","A"
409,103,"たこが","ga","short","Accusative_Plausible","ゆでる","implausible","ga_short_103","C"
410,103,"たこを","o","short","Accusative_Plausible","ゆでる","plausible","o_short_103","D"
411,103,"たこが","ga","long","Accusative_Plausible","ゆでる","implausible","ga_long_103","A"
412,103,"たこを","o","long","Accusative_Plausible","ゆでる","plausible","o_long_103","B"
413,104,"悪人が","ga","short","Accusative_Plausible","懲らしめる","implausible","ga_short_104","D"
414,104,"悪人を","o","short","Accusative_Plausible","懲らしめる","plausible","o_short_104","A"
415,104,"悪人が","ga","long","Accusative_Plausible","懲らしめる","implausible","ga_long_104","B"
416,104,"悪人を","o","long","Accusative_Plausible","懲らしめる","plausible","o_long_104","C"
417,105,"神が","ga","short","Accusative_Plausible","崇める","implausible","ga_short_105","A"
418,105,"神を","o","short","Accusative_Plausible","崇める","plausible","o_short_105","B"
419,105,"神が","ga","long","Accusative_Plausible","崇める","implausible","ga_long_105","C"
420,105,"神を","o","long","Accusative_Plausible","崇める","plausible","o_long_105","D"
421,106,"飼い犬が","ga","short","Accusative_Plausible","しつける","implausible","ga_short_106","B"
422,106,"飼い犬を","o","short","Accusative_Plausible","しつける","plausible","o_short_106","C"
423,106,"飼い犬が","ga","long","Accusative_Plausible","しつける","implausible","ga_long_106","D"
424,106,"飼い犬を","o","long","Accusative_Plausible","しつける","plausible","o_long_106","A"
425,107,"アイドルが","ga","short","Accusative_Plausible","追っかける","implausible","ga_short_107","C"
426,107,"アイドルを","o","short","Accusative_Plausible","追っかける","plausible","o_short_107","D"
427,107,"アイドルが","ga","long","Accusative_Plausible","追っかける","implausible","ga_long_107","A"
428,107,"アイドルを","o","long","Accusative_Plausible","追っかける","plausible","o_long_107","B"
429,108,"移民が","ga","short","Accusative_Plausible","受け入れる","implausible","ga_short_108","D"
430,108,"移民を","o","short","Accusative_Plausible","受け入れる","plausible","o_short_108","A"
431,108,"移民が","ga","long","Accusative_Plausible","受け入れる","implausible","ga_long_108","B"
432,108,"移民を","o","long","Accusative_Plausible","受け入れる","plausible","o_long_108","C"
433,109,"労働者が","ga","short","Accusative_Plausible","搾取する","implausible","ga_short_109","A"
434,109,"労働者を","o","short","Accusative_Plausible","搾取する","plausible","o_short_109","B"
435,109,"労働者が","ga","long","Accusative_Plausible","搾取する","implausible","ga_long_109","C"
436,109,"労働者を","o","long","Accusative_Plausible","搾取する","plausible","o_long_109","D"
437,110,"生け贄が","ga","short","Accusative_Plausible","捧げる","implausible","ga_short_110","B"
438,110,"生け贄を","o","short","Accusative_Plausible","捧げる","plausible","o_short_110","C"
439,110,"生け贄が","ga","long","Accusative_Plausible","捧げる","implausible","ga_long_110","D"
440,110,"生け贄を","o","long","Accusative_Plausible","捧げる","plausible","o_long_110","A"
441,111,"弱者が","ga","short","Accusative_Plausible","いたわる","implausible","ga_short_111","C"
442,111,"弱者を","o","short","Accusative_Plausible","いたわる","plausible","o_short_111","D"
443,111,"弱者が","ga","long","Accusative_Plausible","いたわる","implausible","ga_long_111","A"
444,111,"弱者を","o","long","Accusative_Plausible","いたわる","plausible","o_long_111","B"
445,112,"新入生が","ga","short","Accusative_Plausible","歓迎する","implausible","ga_short_112","D"
446,112,"新入生を","o","short","Accusative_Plausible","歓迎する","plausible","o_short_112","A"
447,112,"新入生が","ga","long","Accusative_Plausible","歓迎する","implausible","ga_long_112","B"
448,112,"新入生を","o","long","Accusative_Plausible","歓迎する","plausible","o_long_112","C"
449,113,"ハエが","ga","short","Accusative_Plausible","たたく","implausible","ga_short_113","A"
450,113,"ハエを","o","short","Accusative_Plausible","たたく","plausible","o_short_113","B"
451,113,"ハエが","ga","long","Accusative_Plausible","たたく","implausible","ga_long_113","C"
452,113,"ハエを","o","long","Accusative_Plausible","たたく","plausible","o_long_113","D"
453,114,"入院患者が","ga","short","Accusative_Plausible","見舞う","implausible","ga_short_114","B"
454,114,"入院患者を","o","short","Accusative_Plausible","見舞う","plausible","o_short_114","C"
455,114,"入院患者が","ga","long","Accusative_Plausible","見舞う","implausible","ga_long_114","D"
456,114,"入院患者を","o","long","Accusative_Plausible","見舞う","plausible","o_long_114","A"
457,115,"害虫が","ga","short","Accusative_Plausible","駆除する","implausible","ga_short_115","C"
458,115,"害虫を","o","short","Accusative_Plausible","駆除する","plausible","o_short_115","D"
459,115,"害虫が","ga","long","Accusative_Plausible","駆除する","implausible","ga_long_115","A"
460,115,"害虫を","o","long","Accusative_Plausible","駆除する","plausible","o_long_115","B"
461,116,"蚊が","ga","short","Accusative_Plausible","追い払う","implausible","ga_short_116","D"
462,116,"蚊を","o","short","Accusative_Plausible","追い払う","plausible","o_short_116","A"
463,116,"蚊が","ga","long","Accusative_Plausible","追い払う","implausible","ga_long_116","B"
464,116,"蚊を","o","long","Accusative_Plausible","追い払う","plausible","o_long_116","C"
465,117,"ペットが","ga","short","Accusative_Plausible","なでる","implausible","ga_short_117","A"
466,117,"ペットを","o","short","Accusative_Plausible","なでる","plausible","o_short_117","B"
467,117,"ペットが","ga","long","Accusative_Plausible","なでる","implausible","ga_long_117","C"
468,117,"ペットを","o","long","Accusative_Plausible","なでる","plausible","o_long_117","D"
469,118,"英雄が","ga","short","Accusative_Plausible","たたえる","implausible","ga_short_118","B"
470,118,"英雄を","o","short","Accusative_Plausible","たたえる","plausible","o_short_118","C"
471,118,"英雄が","ga","long","Accusative_Plausible","たたえる","implausible","ga_long_118","D"
472,118,"英雄を","o","long","Accusative_Plausible","たたえる","plausible","o_long_118","A"
473,119,"故人が","ga","short","Accusative_Plausible","偲ぶ","implausible","ga_short_119","C"
474,119,"故人を","o","short","Accusative_Plausible","偲ぶ","plausible","o_short_119","D"
475,119,"故人が","ga","long","Accusative_Plausible","偲ぶ","implausible","ga_long_119","A"
476,119,"故人を","o","long","Accusative_Plausible","偲ぶ","plausible","o_long_119","B"
477,120,"志願者が","ga","short","Accusative_Plausible","募る","implausible","ga_short_120","D"
478,120,"志願者を","o","short","Accusative_Plausible","募る","plausible","o_short_120","A"
479,120,"志願者が","ga","long","Accusative_Plausible","募る","implausible","ga_long_120","B"
480,120,"志願者を","o","long","Accusative_Plausible","募る","plausible","o_long_120","C"
481,121,"パイロットが","ga","short","Nominative_Plausible","操縦する","plausible","ga_short_121","A"
482,121,"パイロットを","o","short","Nominative_Plausible","操縦する","implausible","o_short_121","B"
483,121,"パイロットが","ga","long","Nominative_Plausible","操縦する","plausible","ga_long_121","C"
484,121,"パイロットを","o","long","Nominative_Plausible","操縦する","implausible","o_long_121","D"
485,122,"家政婦が","ga","short","Nominative_Plausible","掃除する","plausible","ga_short_122","B"
486,122,"家政婦を","o","short","Nominative_Plausible","掃除する","implausible","o_short_122","C"
487,122,"家政婦が","ga","long","Nominative_Plausible","掃除する","plausible","ga_long_122","D"
488,122,"家政婦を","o","long","Nominative_Plausible","掃除する","implausible","o_long_122","A"
489,123,"リーダーが","ga","short","Nominative_Plausible","まとめる","plausible","ga_short_123","C"
490,123,"リーダーを","o","short","Nominative_Plausible","まとめる","implausible","o_short_123","D"
491,123,"リーダーが","ga","long","Nominative_Plausible","まとめる","plausible","ga_long_123","A"
492,123,"リーダーを","o","long","Nominative_Plausible","まとめる","implausible","o_long_123","B"
493,124,"神主が","ga","short","Nominative_Plausible","祈祷する","plausible","ga_short_124","D"
494,124,"神主を","o","short","Nominative_Plausible","祈祷する","implausible","o_short_124","A"
495,124,"神主が","ga","long","Nominative_Plausible","祈祷する","plausible","ga_long_124","B"
496,124,"神主を","o","long","Nominative_Plausible","祈祷する","implausible","o_long_124","C"
497,125,"王様が","ga","short","Nominative_Plausible","統治する","plausible","ga_short_125","A"
498,125,"王様を","o","short","Nominative_Plausible","統治する","implausible","o_short_125","B"
499,125,"王様が","ga","long","Nominative_Plausible","統治する","plausible","ga_long_125","C"
500,125,"王様を","o","long","Nominative_Plausible","統治する","implausible","o_long_125","D"
501,126,"舞妓さんが","ga","short","Nominative_Plausible","接待する","plausible","ga_short_126","B"
502,126,"舞妓さんを","o","short","Nominative_Plausible","接待する","implausible","o_short_126","C"
503,126,"舞妓さんが","ga","long","Nominative_Plausible","接待する","plausible","ga_long_126","D"
504,126,"舞妓さんを","o","long","Nominative_Plausible","接待する","implausible","o_long_126","A"
505,127,"バッターが","ga","short","Nominative_Plausible","打つ","plausible","ga_short_127","C"
506,127,"バッターを","o","short","Nominative_Plausible","打つ","implausible","o_short_127","D"
507,127,"バッターが","ga","long","Nominative_Plausible","打つ","plausible","ga_long_127","A"
508,127,"バッターを","o","long","Nominative_Plausible","打つ","implausible","o_long_127","B"
509,128,"レフェリーが","ga","short","Nominative_Plausible","判定する","plausible","ga_short_128","D"
510,128,"レフェリーを","o","short","Nominative_Plausible","判定する","implausible","o_short_128","A"
511,128,"レフェリーが","ga","long","Nominative_Plausible","判定する","plausible","ga_long_128","B"
512,128,"レフェリーを","o","long","Nominative_Plausible","判定する","implausible","o_long_128","C"
513,129,"ハンターが","ga","short","Nominative_Plausible","狩る","plausible","ga_short_129","A"
514,129,"ハンターを","o","short","Nominative_Plausible","狩る","implausible","o_short_129","B"
515,129,"ハンターが","ga","long","Nominative_Plausible","狩る","plausible","ga_long_129","C"
516,129,"ハンターを","o","long","Nominative_Plausible","狩る","implausible","o_long_129","D"
517,130,"記者が","ga","short","Nominative_Plausible","取材する","plausible","ga_short_130","B"
518,130,"記者を","o","short","Nominative_Plausible","取材する","implausible","o_short_130","C"
519,130,"記者が","ga","long","Nominative_Plausible","取材する","plausible","ga_long_130","D"
520,130,"記者を","o","long","Nominative_Plausible","取材する","implausible","o_long_130","A"
521,131,"海賊が","ga","short","Nominative_Plausible","襲う","plausible","ga_short_131","C"
522,131,"海賊を","o","short","Nominative_Plausible","襲う","implausible","o_short_131","D"
523,131,"海賊が","ga","long","Nominative_Plausible","襲う","plausible","ga_long_131","A"
524,131,"海賊を","o","long","Nominative_Plausible","襲う","implausible","o_long_131","B"
525,132,"チアリーダーが","ga","short","Nominative_Plausible","応援する","plausible","ga_short_132","D"
526,132,"チアリーダーを","o","short","Nominative_Plausible","応援する","implausible","o_short_132","A"
527,132,"チアリーダーが","ga","long","Nominative_Plausible","応援する","plausible","ga_long_132","B"
528,132,"チアリーダーを","o","long","Nominative_Plausible","応援する","implausible","o_long_132","C"
529,133,"すし職人が","ga","short","Nominative_Plausible","握る","plausible","ga_short_133","A"
530,133,"すし職人を","o","short","Nominative_Plausible","握る","implausible","o_short_133","B"
531,133,"すし職人が","ga","long","Nominative_Plausible","握る","plausible","ga_long_133","C"
532,133,"すし職人を","o","long","Nominative_Plausible","握る","implausible","o_long_133","D"
533,134,"マスコミが","ga","short","Nominative_Plausible","報道する","plausible","ga_short_134","B"
534,134,"マスコミを","o","short","Nominative_Plausible","報道する","implausible","o_short_134","C"
535,134,"マスコミが","ga","long","Nominative_Plausible","報道する","plausible","ga_long_134","D"
536,134,"マスコミを","o","long","Nominative_Plausible","報道する","implausible","o_long_134","A"
537,135,"ネズミが","ga","short","Nominative_Plausible","かじる","plausible","ga_short_135","C"
538,135,"ネズミを","o","short","Nominative_Plausible","かじる","implausible","o_short_135","D"
539,135,"ネズミが","ga","long","Nominative_Plausible","かじる","plausible","ga_long_135","A"
540,135,"ネズミを","o","long","Nominative_Plausible","かじる","implausible","o_long_135","B"
541,136,"学者が","ga","short","Nominative_Plausible","研究する","plausible","ga_short_136","D"
542,136,"学者を","o","short","Nominative_Plausible","研究する","implausible","o_short_136","A"
543,136,"学者が","ga","long","Nominative_Plausible","研究する","plausible","ga_long_136","B"
544,136,"学者を","o","long","Nominative_Plausible","研究する","implausible","o_long_136","C"
545,137,"被害者が","ga","short","Nominative_Plausible","訴える","plausible","ga_short_137","A"
546,137,"被害者を","o","short","Nominative_Plausible","訴える","implausible","o_short_137","B"
547,137,"被害者が","ga","long","Nominative_Plausible","訴える","plausible","ga_long_137","C"
548,137,"被害者を","o","long","Nominative_Plausible","訴える","implausible","o_long_137","D"
549,138,"ドラキュラが","ga","short","Nominative_Plausible","吸血する","plausible","ga_short_138","B"
550,138,"ドラキュラを","o","short","Nominative_Plausible","吸血する","implausible","o_short_138","C"
551,138,"ドラキュラが","ga","long","Nominative_Plausible","吸血する","plausible","ga_long_138","D"
552,138,"ドラキュラを","o","long","Nominative_Plausible","吸血する","implausible","o_long_138","A"
553,139,"郵便屋さんが","ga","short","Nominative_Plausible","配達する","plausible","ga_short_139","C"
554,139,"郵便屋さんを","o","short","Nominative_Plausible","配達する","implausible","o_short_139","D"
555,139,"郵便屋さんが","ga","long","Nominative_Plausible","配達する","plausible","ga_long_139","A"
556,139,"郵便屋さんを","o","long","Nominative_Plausible","配達する","implausible","o_long_139","B"
557,140,"理容師が","ga","short","Nominative_Plausible","散髪する","plausible","ga_short_140","D"
558,140,"理容師を","o","short","Nominative_Plausible","散髪する","implausible","o_short_140","A"
559,140,"理容師が","ga","long","Nominative_Plausible","散髪する","plausible","ga_long_140","B"
560,140,"理容師を","o","long","Nominative_Plausible","散髪する","implausible","o_long_140","C"
561,141,"助産師が","ga","short","Nominative_Plausible","とりあげる","plausible","ga_short_141","A"
562,141,"助産師を","o","short","Nominative_Plausible","とりあげる","implausible","o_short_141","B"
563,141,"助産師が","ga","long","Nominative_Plausible","とりあげる","plausible","ga_long_141","C"
564,141,"助産師を","o","long","Nominative_Plausible","とりあげる","implausible","o_long_141","D"
565,142,"詐欺師が","ga","short","Nominative_Plausible","だます","plausible","ga_short_142","B"
566,142,"詐欺師を","o","short","Nominative_Plausible","だます","implausible","o_short_142","C"
567,142,"詐欺師が","ga","long","Nominative_Plausible","だます","plausible","ga_long_142","D"
568,142,"詐欺師を","o","long","Nominative_Plausible","だます","implausible","o_long_142","A"
569,143,"誘拐犯が","ga","short","Nominative_Plausible","さらう","plausible","ga_short_143","C"
570,143,"誘拐犯を","o","short","Nominative_Plausible","さらう","implausible","o_short_143","D"
571,143,"誘拐犯が","ga","long","Nominative_Plausible","さらう","plausible","ga_long_143","A"
572,143,"誘拐犯を","o","long","Nominative_Plausible","さらう","implausible","o_long_143","B"
573,144,"役者が","ga","short","Nominative_Plausible","演じる","plausible","ga_short_144","D"
574,144,"役者を","o","short","Nominative_Plausible","演じる","implausible","o_short_144","A"
575,144,"役者が","ga","long","Nominative_Plausible","演じる","plausible","ga_long_144","B"
576,144,"役者を","o","long","Nominative_Plausible","演じる","implausible","o_long_144","C"
577,145,"領主が","ga","short","Nominative_Plausible","支配する","plausible","ga_short_145","A"
578,145,"領主を","o","short","Nominative_Plausible","支配する","implausible","o_short_145","B"
579,145,"領主が","ga","long","Nominative_Plausible","支配する","plausible","ga_long_145","C"
580,145,"領主を","o","long","Nominative_Plausible","支配する","implausible","o_long_145","D"
581,146,"コレクターが","ga","short","Nominative_Plausible","集める","plausible","ga_short_146","B"
582,146,"コレクターを","o","short","Nominative_Plausible","集める","implausible","o_short_146","C"
583,146,"コレクターが","ga","long","Nominative_Plausible","集める","plausible","ga_long_146","D"
584,146,"コレクターを","o","long","Nominative_Plausible","集める","implausible","o_long_146","A"
585,147,"鍋奉行が","ga","short","Nominative_Plausible","仕切る","plausible","ga_short_147","C"
586,147,"鍋奉行を","o","short","Nominative_Plausible","仕切る","implausible","o_short_147","D"
587,147,"鍋奉行が","ga","long","Nominative_Plausible","仕切る","plausible","ga_long_147","A"
588,147,"鍋奉行を","o","long","Nominative_Plausible","仕切る","implausible","o_long_147","B"
589,148,"ストーカーが","ga","short","Nominative_Plausible","つきまとう","plausible","ga_short_148","D"
590,148,"ストーカーを","o","short","Nominative_Plausible","つきまとう","implausible","o_short_148","A"
591,148,"ストーカーが","ga","long","Nominative_Plausible","つきまとう","plausible","ga_long_148","B"
592,148,"ストーカーを","o","long","Nominative_Plausible","つきまとう","implausible","o_long_148","C"
593,149,"検察官が","ga","short","Nominative_Plausible","起訴する","plausible","ga_short_149","A"
594,149,"検察官を","o","short","Nominative_Plausible","起訴する","implausible","o_short_149","B"
595,149,"検察官が","ga","long","Nominative_Plausible","起訴する","plausible","ga_long_149","C"
596,149,"検察官を","o","long","Nominative_Plausible","起訴する","implausible","o_long_149","D"
597,150,"カメラマンが","ga","short","Nominative_Plausible","撮る","plausible","ga_short_150","B"
598,150,"カメラマンを","o","short","Nominative_Plausible","撮る","implausible","o_short_150","C"
599,150,"カメラマンが","ga","long","Nominative_Plausible","撮る","plausible","ga_long_150","D"
600,150,"カメラマンを","o","long","Nominative_Plausible","撮る","implausible","o_long_150","A"
601,151,"評論家が","ga","short","Nominative_Plausible","批判する","plausible","ga_short_151","C"
602,151,"評論家を","o","short","Nominative_Plausible","批判する","implausible","o_short_151","D"
603,151,"評論家が","ga","long","Nominative_Plausible","批判する","plausible","ga_long_151","A"
604,151,"評論家を","o","long","Nominative_Plausible","批判する","implausible","o_long_151","B"
605,152,"やくざが","ga","short","Nominative_Plausible","脅す","plausible","ga_short_152","D"
606,152,"やくざを","o","short","Nominative_Plausible","脅す","implausible","o_short_152","A"
607,152,"やくざが","ga","long","Nominative_Plausible","脅す","plausible","ga_long_152","B"
608,152,"やくざを","o","long","Nominative_Plausible","脅す","implausible","o_long_152","C"
609,153,"ホストが","ga","short","Nominative_Plausible","もてなす","plausible","ga_short_153","A"
610,153,"ホストを","o","short","Nominative_Plausible","もてなす","implausible","o_short_153","B"
611,153,"ホストが","ga","long","Nominative_Plausible","もてなす","plausible","ga_long_153","C"
612,153,"ホストを","o","long","Nominative_Plausible","もてなす","implausible","o_long_153","D"
613,154,"債権者が","ga","short","Nominative_Plausible","取り立てる","plausible","ga_short_154","B"
614,154,"債権者を","o","short","Nominative_Plausible","取り立てる","implausible","o_short_154","C"
615,154,"債権者が","ga","long","Nominative_Plausible","取り立てる","plausible","ga_long_154","D"
616,154,"債権者を","o","long","Nominative_Plausible","取り立てる","implausible","o_long_154","A"
617,155,"哲学者が","ga","short","Nominative_Plausible","考える","plausible","ga_short_155","C"
618,155,"哲学者を","o","short","Nominative_Plausible","考える","implausible","o_short_155","D"
619,155,"哲学者が","ga","long","Nominative_Plausible","考える","plausible","ga_long_155","A"
620,155,"哲学者を","o","long","Nominative_Plausible","考える","implausible","o_long_155","B"
621,156,"泥棒が","ga","short","Nominative_Plausible","盗む","plausible","ga_short_156","D"
622,156,"泥棒を","o","short","Nominative_Plausible","盗む","implausible","o_short_156","A"
623,156,"泥棒が","ga","long","Nominative_Plausible","盗む","plausible","ga_long_156","B"
624,156,"泥棒を","o","long","Nominative_Plausible","盗む","implausible","o_long_156","C"
625,157,"外科医が","ga","short","Nominative_Plausible","手術する","plausible","ga_short_157","A"
626,157,"外科医を","o","short","Nominative_Plausible","手術する","implausible","o_short_157","B"
627,157,"外科医が","ga","long","Nominative_Plausible","手術する","plausible","ga_long_157","C"
628,157,"外科医を","o","long","Nominative_Plausible","手術する","implausible","o_long_157","D"
629,158,"コウノトリが","ga","short","Nominative_Plausible","運ぶ","plausible","ga_short_158","B"
630,158,"コウノトリを","o","short","Nominative_Plausible","運ぶ","implausible","o_short_158","C"
631,158,"コウノトリが","ga","long","Nominative_Plausible","運ぶ","plausible","ga_long_158","D"
632,158,"コウノトリを","o","long","Nominative_Plausible","運ぶ","implausible","o_long_158","A"
633,159,"ガイドが","ga","short","Nominative_Plausible","案内する","plausible","ga_short_159","C"
634,159,"ガイドを","o","short","Nominative_Plausible","案内する","implausible","o_short_159","D"
635,159,"ガイドが","ga","long","Nominative_Plausible","案内する","plausible","ga_long_159","A"
636,159,"ガイドを","o","long","Nominative_Plausible","案内する","implausible","o_long_159","B"
637,160,"苦情係が","ga","short","Nominative_Plausible","対応する","plausible","ga_short_160","D"
638,160,"苦情係を","o","short","Nominative_Plausible","対応する","implausible","o_short_160","A"
639,160,"苦情係が","ga","long","Nominative_Plausible","対応する","plausible","ga_long_160","B"
640,160,"苦情係を","o","long","Nominative_Plausible","対応する","implausible","o_long_160","C"
